green/frame000,2
green/frame001,2
green/frame002,2
green/frame003,2
green/frame004,2
green/frame005,2
green/frame006,2
green/frame007,2
green/frame008,2
green/frame009,2
green/frame010,2
green/frame011,2
green/frame012,2
green/frame013,2
green/frame014,2
green/frame015,2
green/frame016,2
green/frame017,2
green/frame018,2
green/frame019,2
green/frame020,2
green/frame021,2
green/frame022,2
green/frame023,2
green/frame024,2
green/frame025,2
green/frame026,2
green/frame027,2
green/frame028,2
green/frame029,2
green/frame030,2
green/frame031,2
green/frame032,2
green/frame033,2
green/frame034,2
green/frame035,2
green/frame036,2
green/frame037,2
green/frame038,2
green/frame039,2
green/frame040,2
green/frame041,2
green/frame042,2
green/frame043,2
green/frame044,2
green/frame045,2
green/frame046,2
green/frame047,2
green/frame048,2
green/frame049,2
green/frame050,2
green/frame051,2
green/frame052,2
green/frame053,2
green/frame054,2
green/frame055,2
green/frame056,2
green/frame057,2
green/frame058,2
green/frame059,2
green/frame060,2
green/frame061,2
green/frame062,2
green/frame063,2
green/frame064,2
green/frame065,2
green/frame066,2
green/frame067,2
green/frame068,2
green/frame069,2
green/frame070,2
green/frame071,2
green/frame072,2
green/frame073,2
green/frame074,2
green/frame075,2
green/frame076,2
green/frame077,2
green/frame078,2
green/frame079,2
green/frame080,2
green/frame081,2
green/frame082,2
green/frame083,2
green/frame084,2
green/frame085,2
green/frame086,2
green/frame087,2
green/frame088,2
green/frame089,2
green/frame090,2
green/frame091,2
green/frame092,2
green/frame093,2
green/frame094,2
green/frame095,2
green/frame096,2
green/frame097,2
green/frame098,2
green/frame099,2
green/frame100,2
green/frame101,2
green/frame102,2
green/frame103,2
green/frame104,2
green/frame105,2
green/frame106,2
green/frame107,2
green/frame108,2
green/frame109,2
green/frame110,2
green/frame111,2
green/frame112,2
green/frame113,2
green/frame114,2
green/frame115,2
green/frame116,2
green/frame117,2
green/frame118,2
green/frame119,2
green/frame120,2
green/frame121,2
green/frame122,2
green/frame123,2
green/frame124,2
green/frame125,2
green/frame126,2
green/frame127,2
green/frame128,2
green/frame129,2
green/frame130,2
green/frame131,2
green/frame132,2
green/frame133,2
green/frame134,2
green/frame135,2
green/frame136,2
green/frame137,2
green/frame138,2
green/frame139,2
green/frame140,2
green/frame141,2
green/frame142,2
green/frame143,2
green/frame144,2
green/frame145,2
green/frame146,2
green/frame147,2
green/frame148,2
green/frame149,2
green/frame150,2
green/frame151,2
green/frame152,2
green/frame153,2
green/frame154,2
green/frame155,2
green/frame156,2
green/frame157,2
green/frame158,2
green/frame159,2
green/frame160,2
green/frame161,2
green/frame162,2
green/frame163,2
green/frame164,2
green/frame165,2
green/frame166,2
green/frame167,2
green/frame168,2
green/frame169,2
green/frame170,2
green/frame171,2
green/frame172,2
green/frame173,2
green/frame174,2
green/frame175,2
green/frame176,2
green/frame177,2
green/frame178,2
green/frame179,2
green/frame180,2
green/frame181,2
green/frame182,2
green/frame183,2
green/frame184,2
green/frame185,2
green/frame186,2
green/frame187,2
green/frame188,2
green/frame189,2
green/frame190,2
green/frame191,2
green/frame192,2
green/frame193,2
green/frame194,2
green/frame195,2
red/frame000,1
red/frame001,1
red/frame002,1
red/frame003,1
red/frame004,1
red/frame005,1
red/frame006,1
red/frame007,1
red/frame008,1
red/frame009,1
red/frame010,1
red/frame011,1
red/frame012,1
red/frame013,1
red/frame014,1
red/frame015,1
red/frame016,1
red/frame017,1
red/frame018,1
red/frame019,1
red/frame020,1
red/frame021,1
red/frame022,1
red/frame023,1
red/frame024,1
red/frame025,1
red/frame026,1
red/frame027,1
red/frame028,1
red/frame029,1
red/frame030,1
red/frame031,1
red/frame032,1
red/frame033,1
red/frame034,1
red/frame035,1
red/frame036,1
red/frame037,1
red/frame038,1
red/frame039,1
red/frame040,1
red/frame041,1
red/frame042,1
red/frame043,1
red/frame044,1
red/frame045,1
red/frame046,1
red/frame047,1
red/frame048,1
red/frame049,1
red/frame050,1
red/frame051,1
red/frame052,1
red/frame053,1
red/frame054,1
red/frame055,1
red/frame056,1
red/frame057,1
red/frame058,1
red/frame059,1
red/frame060,1
red/frame061,1
red/frame062,1
red/frame063,1
red/frame064,1
red/frame065,1
red/frame066,1
red/frame067,1
red/frame068,1
red/frame069,1
red/frame070,1
red/frame071,1
red/frame072,1
red/frame073,1
red/frame074,1
red/frame075,1
red/frame076,1
red/frame077,1
red/frame078,1
red/frame079,1
red/frame080,1
red/frame081,1
red/frame082,1
red/frame083,1
red/frame084,1
red/frame085,1
red/frame086,1
red/frame087,1
red/frame088,1
red/frame089,1
red/frame090,1
red/frame091,1
red/frame092,1
red/frame093,1
red/frame094,1
red/frame095,1
red/frame096,1
red/frame097,1
red/frame098,1
red/frame099,1
red/frame100,1
red/frame101,1
red/frame102,1
red/frame103,1
red/frame104,1
red/frame105,1
red/frame106,1
red/frame107,1
red/frame108,1
red/frame109,1
red/frame110,1
red/frame111,1
red/frame112,1
red/frame113,1
red/frame114,1
red/frame115,1
red/frame116,1
red/frame117,1
red/frame118,1
red/frame119,1
red/frame120,1
red/frame121,1
red/frame122,1
red/frame123,1
red/frame124,1
red/frame125,1
red/frame126,1
red/frame127,1
red/frame128,1
red/frame129,1
red/frame130,1
red/frame131,1
red/frame132,1
red/frame133,1
red/frame134,1
red/frame135,1
red/frame136,1
red/frame137,1
red/frame138,1
red/frame139,1
red/frame140,1
red/frame141,1
red/frame142,1
red/frame143,1
red/frame144,1
red/frame145,1
red/frame146,1
red/frame147,1
red/frame148,1
red/frame149,1
red/frame150,1
red/frame151,1
red/frame152,1
red/frame153,1
red/frame154,1
red/frame155,1
red/frame156,1
red/frame157,1
red/frame158,1
red/frame159,1
red/frame160,1
red/frame161,1
red/frame162,1
red/frame163,1
red/frame164,1
red/frame165,1
red/frame166,1
red/frame167,1
red/frame168,1
red/frame169,1
red/frame170,1
red/frame171,1
red/frame172,1
red/frame173,1
red/frame174,1
red/frame175,1
red/frame176,1
red/frame177,1
red/frame178,1
red/frame179,1
red/frame180,1
red/frame181,1
red/frame182,1
red/frame183,1
red/frame184,1
red/frame185,1
red/frame186,1
red/frame187,1
unknown/frame000,0
unknown/frame001,0
unknown/frame002,0
unknown/frame003,0
unknown/frame004,0
unknown/frame005,0
unknown/frame006,0
unknown/frame007,0
unknown/frame008,0
unknown/frame009,0
unknown/frame010,0
unknown/frame011,0
unknown/frame012,0
unknown/frame013,0
unknown/frame014,0
unknown/frame015,0
unknown/frame016,0
unknown/frame017,0
unknown/frame018,0
unknown/frame019,0
unknown/frame020,0
unknown/frame021,0
unknown/frame022,0
unknown/frame023,0
unknown/frame024,0
unknown/frame025,0
unknown/frame026,0
unknown/frame027,0
unknown/frame028,0
unknown/frame029,0
unknown/frame030,0
unknown/frame031,0
unknown/frame032,0
unknown/frame033,0
unknown/frame034,0
unknown/frame035,0
unknown/frame036,0
unknown/frame037,0
unknown/frame038,0
unknown/frame039,0
unknown/frame040,0
unknown/frame041,0
unknown/frame042,0
unknown/frame043,0
unknown/frame044,0
unknown/frame045,0
unknown/frame046,0
unknown/frame047,0
unknown/frame048,0
unknown/frame049,0
unknown/frame050,0
unknown/frame051,0
unknown/frame052,0
unknown/frame053,0
unknown/frame054,0
unknown/frame055,0
unknown/frame056,0
unknown/frame057,0
unknown/frame058,0
unknown/frame059,0
unknown/frame060,0
unknown/frame061,0
unknown/frame062,0
unknown/frame063,0
unknown/frame064,0
unknown/frame065,0
unknown/frame066,0
unknown/frame067,0
unknown/frame068,0
unknown/frame069,0
unknown/frame070,0
unknown/frame071,0
unknown/frame072,0
unknown/frame073,0
unknown/frame074,0
unknown/frame075,0
unknown/frame076,0
unknown/frame077,0
unknown/frame078,0
unknown/frame079,0
unknown/frame080,0
unknown/frame081,0
unknown/frame082,0
unknown/frame083,0
unknown/frame084,0
unknown/frame085,0
unknown/frame086,0
unknown/frame087,0
unknown/frame088,0
unknown/frame089,0
unknown/frame090,0
unknown/frame091,0
unknown/frame092,0
unknown/frame093,0
unknown/frame094,0
unknown/frame095,0
unknown/frame096,0
unknown/frame097,0
unknown/frame098,0
unknown/frame099,0
unknown/frame100,0
unknown/frame101,0
unknown/frame102,0
unknown/frame103,0
unknown/frame104,0
unknown/frame105,0
unknown/frame106,0
unknown/frame107,0
unknown/frame108,0
unknown/frame109,0
unknown/frame110,0
unknown/frame111,0
unknown/frame112,0
unknown/frame113,0
unknown/frame114,0
unknown/frame115,0
unknown/frame116,0
unknown/frame117,0
unknown/frame118,0
unknown/frame119,0
unknown/frame120,0
unknown/frame121,0
unknown/frame122,0
unknown/frame123,0
unknown/frame124,0
unknown/frame125,0
unknown/frame126,0
unknown/frame127,0
unknown/frame128,0
unknown/frame129,0
unknown/frame130,0
unknown/frame131,0
unknown/frame132,0
unknown/frame133,0
unknown/frame134,0
unknown/frame135,0
unknown/frame136,0
unknown/frame137,0
unknown/frame138,0
unknown/frame139,0
unknown/frame140,0
unknown/frame141,0
unknown/frame142,0
unknown/frame143,0
unknown/frame144,0
unknown/frame145,0
unknown/frame146,0
unknown/frame147,0
unknown/frame148,0
unknown/frame149,0
unknown/frame150,0
unknown/frame151,0
unknown/frame152,0
unknown/frame153,0
unknown/frame154,0
unknown/frame155,0
unknown/frame156,0
unknown/frame157,0
unknown/frame158,0
unknown/frame159,0
unknown/frame160,0
unknown/frame161,0
unknown/frame162,0
unknown/frame163,0
unknown/frame164,0
unknown/frame165,0
unknown/frame166,0
unknown/frame167,0
unknown/frame168,0
unknown/frame169,0
unknown/frame170,0
unknown/frame171,0
unknown/frame172,0
unknown/frame173,0
unknown/frame174,0
unknown/frame175,0
unknown/frame176,0
unknown/frame177,0
unknown/frame178,0
unknown/frame179,0
unknown/frame180,0
unknown/frame181,0
unknown/frame182,0
unknown/frame183,0
unknown/frame184,0
unknown/frame185,0
unknown/frame186,0
unknown/frame187,0
unknown/frame188,0
unknown/frame189,0
unknown/frame190,0
unknown/frame191,0
unknown/frame192,0
unknown/frame193,0
unknown/frame194,0
unknown/frame195,0
unknown/frame196,0
unknown/frame197,0
unknown/frame198,0
unknown/frame199,0
unknown/frame200,0
unknown/frame201,0
unknown/frame202,0
unknown/frame203,0
unknown/frame204,0
unknown/frame205,0
unknown/frame206,0
unknown/frame207,0
unknown/frame208,0
unknown/frame209,0
unknown/frame210,0
unknown/frame211,0
unknown/frame212,0
unknown/frame213,0
unknown/frame214,0
unknown/frame215,0
unknown/frame216,0
unknown/frame217,0
unknown/frame218,0
unknown/frame219,0
unknown/frame220,0
unknown/frame221,0
unknown/frame222,0
unknown/frame223,0
unknown/frame224,0
unknown/frame225,0
unknown/frame226,0
unknown/frame227,0
unknown/frame228,0
unknown/frame229,0
unknown/frame230,0
unknown/frame231,0
unknown/frame232,0
unknown/frame233,0
unknown/frame234,0
unknown/frame235,0
unknown/frame236,0
unknown/frame237,0
unknown/frame238,0
unknown/frame239,0
unknown/frame240,0
unknown/frame241,0
unknown/frame242,0
unknown/frame243,0
unknown/frame244,0
unknown/frame245,0
unknown/frame246,0
unknown/frame247,0
unknown/frame248,0
unknown/frame249,0
unknown/frame250,0
unknown/frame251,0
unknown/frame252,0
unknown/frame253,0
unknown/frame254,0
unknown/frame255,0
unknown/frame256,0
unknown/frame257,0
unknown/frame258,0
unknown/frame259,0
unknown/frame260,0
unknown/frame261,0
unknown/frame262,0
unknown/frame263,0
unknown/frame264,0
unknown/frame265,0
unknown/frame266,0
unknown/frame267,0
unknown/frame268,0
unknown/frame269,0
unknown/frame270,0
unknown/frame271,0
unknown/frame272,0
unknown/frame273,0
unknown/frame274,0
unknown/frame275,0
unknown/frame276,0
unknown/frame277,0
unknown/frame278,0
unknown/frame279,0
unknown/frame280,0
unknown/frame281,0
unknown/frame282,0
unknown/frame283,0
unknown/frame284,0
unknown/frame285,0
unknown/frame286,0
unknown/frame287,0
unknown/frame288,0
unknown/frame289,0
unknown/frame290,0
unknown/frame291,0
unknown/frame292,0
unknown/frame293,0
unknown/frame294,0
unknown/frame295,0
unknown/frame296,0
unknown/frame297,0
unknown/frame298,0
unknown/frame299,0
unknown/frame300,0
unknown/frame301,0
unknown/frame302,0
unknown/frame303,0
unknown/frame304,0
unknown/frame305,0
unknown/frame306,0
unknown/frame307,0
unknown/frame308,0
unknown/frame309,0
unknown/frame310,0
unknown/frame311,0
unknown/frame312,0
unknown/frame313,0
unknown/frame314,0
unknown/frame315,0
unknown/frame316,0
unknown/frame317,0
unknown/frame318,0
unknown/frame319,0
unknown/frame320,0
unknown/frame321,0
unknown/frame322,0
unknown/frame323,0
unknown/frame324,0
unknown/frame325,0
unknown/frame326,0
unknown/frame327,0
unknown/frame328,0
unknown/frame329,0
unknown/frame330,0
unknown/frame331,0
unknown/frame332,0
unknown/frame333,0
unknown/frame334,0
unknown/frame335,0
unknown/frame336,0
unknown/frame337,0
unknown/frame338,0
unknown/frame339,0
unknown/frame340,0
unknown/frame341,0
unknown/frame342,0
unknown/frame343,0
unknown/frame344,0
unknown/frame345,0
unknown/frame346,0
unknown/frame347,0
unknown/frame348,0
unknown/frame349,0
unknown/frame350,0
unknown/frame351,0
unknown/frame352,0
unknown/frame353,0
unknown/frame354,0
unknown/frame355,0
unknown/frame356,0
unknown/frame357,0
unknown/frame358,0
unknown/frame359,0
unknown/frame360,0
unknown/frame361,0
unknown/frame362,0
unknown/frame363,0
unknown/frame364,0
unknown/frame365,0
unknown/frame366,0
unknown/frame367,0
unknown/frame368,0
unknown/frame369,0
unknown/frame370,0
unknown/frame371,0
unknown/frame372,0
unknown/frame373,0
unknown/frame374,0
unknown/frame375,0
unknown/frame376,0
unknown/frame377,0
unknown/frame378,0
unknown/frame379,0
unknown/frame380,0
unknown/frame381,0
unknown/frame382,0
unknown/frame383,0
unknown/frame384,0
unknown/frame385,0
unknown/frame386,0
unknown/frame387,0
unknown/frame388,0
unknown/frame389,0
unknown/frame390,0
unknown/frame391,0
unknown/frame392,0
unknown/frame393,0
unknown/frame394,0
unknown/frame395,0
unknown/frame396,0
unknown/frame397,0
unknown/frame398,0
unknown/frame399,0
unknown/frame400,0
unknown/frame401,0
unknown/frame402,0
unknown/frame403,0
unknown/frame404,0
unknown/frame405,0
unknown/frame406,0
unknown/frame407,0
unknown/frame408,0
unknown/frame409,0
unknown/frame410,0
unknown/frame411,0
unknown/frame412,0
unknown/frame413,0
unknown/frame414,0
unknown/frame415,0
unknown/frame416,0
unknown/frame417,0
unknown/frame418,0
unknown/frame419,0
unknown/frame420,0
unknown/frame421,0
unknown/frame422,0
unknown/frame423,0
unknown/frame424,0
unknown/frame425,0
unknown/frame426,0
unknown/frame427,0
unknown/frame428,0
unknown/frame429,0
unknown/frame430,0
unknown/frame431,0
unknown/frame432,0
unknown/frame433,0
unknown/frame434,0
unknown/frame435,0
unknown/frame436,0
unknown/frame437,0
unknown/frame438,0
unknown/frame439,0
unknown/frame440,0
unknown/frame441,0
unknown/frame442,0
unknown/frame443,0
unknown/frame444,0
unknown/frame445,0
unknown/frame446,0
unknown/frame447,0
unknown/frame448,0
unknown/frame449,0
unknown/frame450,0
unknown/frame451,0
unknown/frame452,0
unknown/frame453,0
unknown/frame454,0
unknown/frame455,0
unknown/frame456,0
unknown/frame457,0
unknown/frame458,0
unknown/frame459,0
unknown/frame460,0
unknown/frame461,0
unknown/frame462,0
unknown/frame463,0
unknown/frame464,0
unknown/frame465,0
unknown/frame466,0
unknown/frame467,0
unknown/frame468,0
unknown/frame469,0
unknown/frame470,0
unknown/frame471,0
unknown/frame472,0
unknown/frame473,0
unknown/frame474,0
unknown/frame475,0
unknown/frame476,0
unknown/frame477,0
unknown/frame478,0
unknown/frame479,0
unknown/frame480,0
unknown/frame481,0
unknown/frame482,0
unknown/frame483,0
unknown/frame484,0
unknown/frame485,0
unknown/frame486,0
unknown/frame487,0
unknown/frame488,0
unknown/frame489,0
unknown/frame490,0
unknown/frame491,0
unknown/frame492,0
unknown/frame493,0
unknown/frame494,0
unknown/frame495,0
unknown/frame496,0
unknown/frame497,0
unknown/frame498,0
unknown/frame499,0
unknown/frame500,0
unknown/frame501,0
unknown/frame502,0
unknown/frame503,0
unknown/frame504,0
unknown/frame505,0
unknown/frame506,0
unknown/frame507,0
unknown/frame508,0
unknown/frame509,0
unknown/frame510,0
unknown/frame511,0
unknown/frame512,0
unknown/frame513,0
unknown/frame514,0
unknown/frame515,0
unknown/frame516,0
unknown/frame517,0
unknown/frame518,0
unknown/frame519,0
unknown/frame520,0
unknown/frame521,0
unknown/frame522,0
unknown/frame523,0
unknown/frame524,0
unknown/frame525,0
unknown/frame526,0
unknown/frame527,0
unknown/frame528,0
unknown/frame529,0
unknown/frame530,0
unknown/frame531,0
unknown/frame532,0
unknown/frame533,0
unknown/frame534,0
unknown/frame535,0
unknown/frame536,0
unknown/frame537,0
unknown/frame538,0
unknown/frame539,0
unknown/frame540,0
unknown/frame541,0
unknown/frame542,0
unknown/frame543,0
unknown/frame544,0
unknown/frame545,0
unknown/frame546,0
unknown/frame547,0
unknown/frame548,0
unknown/frame549,0
unknown/frame550,0
unknown/frame551,0
unknown/frame552,0
unknown/frame553,0
unknown/frame554,0
unknown/frame555,0
unknown/frame556,0
unknown/frame557,0
unknown/frame558,0
unknown/frame559,0
unknown/frame560,0
unknown/frame561,0
unknown/frame562,0
unknown/frame563,0
unknown/frame564,0
unknown/frame565,0
unknown/frame566,0
unknown/frame567,0
unknown/frame568,0
unknown/frame569,0
unknown/frame570,0
unknown/frame571,0
unknown/frame572,0
unknown/frame573,0
unknown/frame574,0
unknown/frame575,0
unknown/frame576,0
unknown/frame577,0
unknown/frame578,0
unknown/frame579,0
unknown/frame580,0
unknown/frame581,0
unknown/frame582,0
unknown/frame583,0
unknown/frame584,0
unknown/frame585,0
unknown/frame586,0
unknown/frame587,0
unknown/frame588,0
unknown/frame589,0
unknown/frame590,0
unknown/frame591,0
unknown/frame592,0
unknown/frame593,0
unknown/frame594,0
unknown/frame595,0
unknown/frame596,0
unknown/frame597,0
unknown/frame598,0
unknown/frame599,0
unknown/frame600,0
unknown/frame601,0
unknown/frame602,0
unknown/frame603,0
unknown/frame604,0
unknown/frame605,0
unknown/frame606,0
unknown/frame607,0
unknown/frame608,0
unknown/frame609,0
unknown/frame610,0
unknown/frame611,0
unknown/frame612,0
unknown/frame613,0
unknown/frame614,0
unknown/frame615,0
unknown/frame616,0
unknown/frame617,0
unknown/frame618,0
unknown/frame619,0
unknown/frame620,0
unknown/frame621,0
unknown/frame622,0
unknown/frame623,0
unknown/frame624,0
unknown/frame625,0
unknown/frame626,0
unknown/frame627,0
unknown/frame628,0
unknown/frame629,0
unknown/frame630,0
unknown/frame631,0
unknown/frame632,0
unknown/frame633,0
unknown/frame634,0
unknown/frame635,0
unknown/frame636,0
unknown/frame637,0
unknown/frame638,0
unknown/frame639,0
unknown/frame640,0
unknown/frame641,0
unknown/frame642,0
unknown/frame643,0
unknown/frame644,0
unknown/frame645,0
unknown/frame646,0
unknown/frame647,0
unknown/frame648,0
unknown/frame649,0
unknown/frame650,0
unknown/frame651,0
unknown/frame652,0
unknown/frame653,0
unknown/frame654,0
unknown/frame655,0
unknown/frame656,0
unknown/frame657,0
unknown/frame658,0
unknown/frame659,0
unknown/frame660,0
unknown/frame661,0
unknown/frame662,0
unknown/frame663,0
unknown/frame664,0
unknown/frame665,0
unknown/frame666,0
unknown/frame667,0
unknown/frame668,0
unknown/frame669,0
unknown/frame670,0
unknown/frame671,0
unknown/frame672,0
unknown/frame673,0
unknown/frame674,0
unknown/frame675,0
unknown/frame676,0
unknown/frame677,0
unknown/frame678,0
unknown/frame679,0
unknown/frame680,0
unknown/frame681,0
unknown/frame682,0
unknown/frame683,0
unknown/frame684,0
unknown/frame685,0
unknown/frame686,0
unknown/frame687,0
unknown/frame688,0
unknown/frame689,0
unknown/frame690,0
unknown/frame691,0
unknown/frame692,0
unknown/frame693,0
unknown/frame694,0
unknown/frame695,0
unknown/frame696,0
unknown/frame697,0
unknown/frame698,0
unknown/frame699,0
unknown/frame700,0
unknown/frame701,0
unknown/frame702,0
unknown/frame703,0
unknown/frame704,0
unknown/frame705,0
unknown/frame706,0
unknown/frame707,0
unknown/frame708,0
unknown/frame709,0
unknown/frame710,0
unknown/frame711,0
unknown/frame712,0
unknown/frame713,0
unknown/frame714,0
unknown/frame715,0
unknown/frame716,0
unknown/frame717,0
unknown/frame718,0
unknown/frame719,0
unknown/frame720,0
unknown/frame721,0
unknown/frame722,0
unknown/frame723,0
unknown/frame724,0
unknown/frame725,0
unknown/frame726,0
unknown/frame727,0
unknown/frame728,0
unknown/frame729,0
unknown/frame730,0
unknown/frame731,0
unknown/frame732,0
unknown/frame733,0
unknown/frame734,0
unknown/frame735,0
unknown/frame736,0
unknown/frame737,0
unknown/frame738,0
unknown/frame739,0
unknown/frame740,0
unknown/frame741,0
unknown/frame742,0
unknown/frame743,0
unknown/frame744,0
unknown/frame745,0
unknown/frame746,0
unknown/frame747,0
unknown/frame748,0
unknown/frame749,0
unknown/frame750,0
unknown/frame751,0
unknown/frame752,0
unknown/frame753,0
unknown/frame754,0
unknown/frame755,0
unknown/frame756,0
unknown/frame757,0
unknown/frame758,0
unknown/frame759,0
unknown/frame760,0
unknown/frame761,0
unknown/frame762,0
unknown/frame763,0
unknown/frame764,0
unknown/frame765,0
unknown/frame766,0
unknown/frame767,0
unknown/frame768,0
unknown/frame769,0
unknown/frame770,0
unknown/frame771,0
unknown/frame772,0
unknown/frame773,0
unknown/frame774,0
unknown/frame775,0
unknown/frame776,0
unknown/frame777,0
unknown/frame778,0
unknown/frame779,0
unknown/frame780,0
unknown/frame781,0
unknown/frame782,0
unknown/frame783,0
unknown/frame784,0
unknown/frame785,0
unknown/frame786,0
unknown/frame787,0
unknown/frame788,0
unknown/frame789,0
unknown/frame790,0
unknown/frame791,0
unknown/frame792,0
unknown/frame793,0
unknown/frame794,0
unknown/frame795,0
unknown/frame796,0
unknown/frame797,0
unknown/frame798,0
unknown/frame799,0
unknown/frame800,0
unknown/frame801,0
unknown/frame802,0
unknown/frame803,0
unknown/frame804,0
unknown/frame805,0
unknown/frame806,0
unknown/frame807,0
unknown/frame808,0
unknown/frame809,0
unknown/frame810,0
unknown/frame811,0
unknown/frame812,0
unknown/frame813,0
unknown/frame814,0
unknown/frame815,0
unknown/frame816,0
unknown/frame817,0
unknown/frame818,0
unknown/frame819,0
unknown/frame820,0
unknown/frame821,0
unknown/frame822,0
unknown/frame823,0
unknown/frame824,0
unknown/frame825,0
unknown/frame826,0
unknown/frame827,0
unknown/frame828,0
unknown/frame829,0
unknown/frame830,0
unknown/frame831,0
unknown/frame832,0
unknown/frame833,0
unknown/frame834,0
unknown/frame835,0
unknown/frame836,0
unknown/frame837,0
unknown/frame838,0
unknown/frame839,0
unknown/frame840,0
unknown/frame841,0
unknown/frame842,0
unknown/frame843,0
unknown/frame844,0
unknown/frame845,0
unknown/frame846,0
unknown/frame847,0
unknown/frame848,0
